"burner","total_amount","x1_tx"
"8oYGPdUejqc7HCLfKSW8Jp8nxEcpsbzM19uUxq6MbcW2","668832201.832201
","JTLrrPNHoVEmEm4Psf1s7pjDTED1td4XM35PYU4rrSG7xy1Z2iBLz1xYop6fScTH3s8xEhJDfLisraL9RfpmQ21"
"AE2Yy3jF7jF9Yxv2oqgGEE7Qz9eLed8AeENC77ViyBHR","665778602
","3vgRzD2kBJwjBuC3MkV9xrmK7f21rxNrEUmHUFLqDafLSwE5EhnBF39xL7Szz88vYmmc2Q1d78jaobWT86kVT1ot"
"6eRUgmvR2Ax5Kno4Nr4DCwMiLdgwpURBiJfRs81oKDL","50454849
","4yWsa1Xkr2Lbg2fbPiAzY4hH2huc11pPNA8vNeyfF546X3hY3mu5sQSSGeGKV2GHKQpsJ2WgeXmBywLXoPE3HdMj"
"Fdr45f9PR6FRzFGjVuBEqecAtJnrFHN1zxUX2Yrd5MBa","30000000
","JfgcrJHrApZBLE3qDKPWqBBdny3pTsfdaCBAWXmmdkVQikpMu2b7TcqEB81JdPDZTstET8uc6s6AXraLf4mNfk9"
"6AZ7h7qXh3JgiesDfCaszBwn9gfJcKszmLy21nzoRNeB","27642789.381213
","29wFMMs6wvxJaSrZPu4gZC8ANuG3wKD5XfL1qDzjAyxXAq2y8XmJeu3H7nVeshEpRngfKdRZ8rByKWPgmtvg41wB"
"DC3gBjNGwKEx3dYGhRprvwoTRE99iDCuM7SLo2mopvHx","19828946
","yxPUmQZJ5cCJQ6L1yYvbx7pEQX7BM3rcwe3xtmQw242GRTi79cuutceUXzcoMxqkTX6kHBUJ6WUopGW591qYVdM"
"6J8ixhNrNz8ayUcZP1uu4QwMSgvfanXLU7KjerryQVmG","8900000
","DoYpfvWytoCEqRRykYZrrADriEaKwRc1KtG2nxFcUM8KKBNkq8AncBkArVzZ46GjthrsBpYVh9mFqyQtTrG51DU"
"2be8kSvG5GsGgtoZanB6V52zqmeR9b19cAAYCUnfmpjF","8769430
","5VYCogrLThYpN4qhm6TXAD9R5FyAYLc9Sy7Jgr8fj3L7ayEcTw5afoNMc4WhktTFpdv1AoBS52cEypMJvBYvbYav"
"J34YCFon1N1YxPLM6YsEV5fptxLJXjP9mAiRTzPr5jm4","2569582
","5McqFHPWpMqVST4StevsMoH8Gpcrz4MCF9VwYor9pEiDsJ4zoaPXW8c8Sjpu863LpPXTwXcCjAEicpxwujtcYKTy"
"D794SmkvCeNbZ1Hfza1ZqCGBmaDnxy8Ri62hAVTFV4cP","1190783
","UeNf9fR6LWUqYzyKAC8peZkfXeWjcy7keX1vp1QdjLEC1Ax2MXxdEFHv9TRi8oVyVneczwGa57M8RYHFT2UfBT4"
"3vDLJdyx7GQiEbCticnKuxu9gkg24d6wksz2ZF3oe735","1046726
","5rEgdBHnHkXEgsRhWyHcSKyQCWfXwwLhfBZznaPh94uJe4zx4hnNHrCio1y1E6TYBwfotm1azx68xcgFqV1VPMEN"
"HTjjXcuhpmaLxXR7FDN4mChFP3Q83H6cgSX7dLQyFrGT","1010101
","LjyzbYfFbHm9yXAn4SRqoBWdh3soDNKLjnNHNmp1niHhz9ge8g4WK8w7wxpXJNB5cdDZiqpP71mXwevtkfSxM5a"
"5JB9e8XfzcRF8enEJUau8hqTorZ37Hy2Gwgh2Rwe9T6T","1010101
","4zYSoCs5BoGvK95d6mczm7ZjK19srapojScSyt94ujTkuYmLsQbATu1JzPKSzTB2JzNAy1a48ub96GtW5XEjeAfU"
"DctRu2jwaYtxwwhBdzfq1uZC8ucnnjEfwTWw4CJpPggH","840420
","4e4kSPtTEMnGmFrqESMsMfQXmuCw6d5RaUzKWW12hENQpyaJnWRUBToMA5cJB9Nnxd4WuL44jDvkwGzVhjWhQxGq"
"9krDbVdieARwzTocjFCj1pv2SWU85Vp5G3H5KbWALtG3","600069
","5CdjAcpuU9qFgVc7nzDDUTg9syLrbQbAAYUDZZYeFkM4HneJL92hXa4hHAh3PCmiszpiS2SbuRsBA1MWgHxLK99t"
"8bXf8Rg3u4Prz71LgKR5mpa7aMe2F4cSKYYRctmqro6x","520000
","qJFDRa6zjYyh6qfzSj4BNg6qtTZMj12iNX2FbcV1BLvs4xsQbWVEPLo5j9Y1PTrNEpv2n6j3tMfWXCi5FyhGah4"
"8NUtAaehHdT7E8xkmLHuLpznTLyWjWgULcgMRYTj5bWe","462000
","54dF6zokdMwCobn78D23JgZQuzTagneQG7AnX5J6nf1UCe8Va73F7dtiyEExZiz4SxdyJPXXu2W24gi684nqKHW8"
"E9YVfZeiwTZfBYUQwUqSWR5RmwVWZwFYNvJmJH9WyoXc","430000
","1ia4yBxL4WpPfZy1NEQrGnsMCJBjDqqr2mzsPVMksDXHz8WbLxRX5DicsqHbTrSP5gP8rFRuHysXW8aZS4Kw8Fj"
"7JDGsCgo9rDM6LgTTDsEzzwfRW4oQi7Rjs8Gid7S2oWg","420000
","3ExfwznaCfboY8epmgJLCEFHRJJKHqD4sdYYed25Ha8J8AGm3dQaBEoe376oM34VjQkBHknzo9wnm4gcQv8EQfYg"
"Ap8iN4NGy1U7ovwreGMJSQ6r5X3VQ3bJpJ4hVra1xL8e","202420
","63nBaJTLHbKb7nrab1cv9Sh6uqV4ixd4NEFBsm7sCVn3cjhdMGzSWb6PRa6rDakeQEsshUC5KLm9vBv14HdWrDg6"
"9KfPpe1L7DYuMJWN1KiaLJmVkjg3mvHBAEJigWQZh4XJ","133337
","4JbiqeYUHkCwxeZT4qF5AWode2g2wwQ9K6KkLtre7JTttTYBhK622W17BgCfyMvLicPZVrjekvf89CRrAatV7nnr"
"2krhCgFwtMtkSuDcvyAeLcSNVSyVvURwBohqRxTDRVeM","128229
","3RtbAurKkTpaDuBJ87m12kXjzJABKWwQXXyd7fM2eTUMzWbT5Cn4GsmFk7diA5UT15KJri3fdemmfkdAKgB9Wrmc"
"9Y6Huy3nWMZ4dvREKnkHmdh7v92PHThq9Bp7EGQzSG8u","100001
","4vHhd7wUqe5QEnEkyaRTYExib7F6GGTFsXZA6CU2N4jrqihe7f6qDb8kb5kRqjpJKv8k2ypwp9KfKHaGXYHRHwpJ"
"baM5DY5c9z68zYfvQFDsUjwjRrMbqDroGD5RjPq6pxr","88888
","6BEaYHg563ATatoQdKjG5m4nnKUaTqtFV7vv6fY3EeWBPAX2xpBXs2qrTS6debf2EuRfsS5VkVBPinAwnW27LqX"
"rG3Zcf2Z5A6s8zWJDVT1d1yZRcEmunWxAVSzN2gBYtH","69420
","4d3H2g2qxHgni4xhGEbe9d9edAQZ1t2Hp6K8JaxK28xuahyFB4AFGHrbBz57LUDsM31cdQXgTM564yy5T4kjaRnN"
"AH9nHcZBfW9fupHyh85LnntRgH2KzDGz3AQipNkCbBfs","69420
","Xw3EqofyaUN4ceuFL1t798dBNeEmzoG8DPK2sfc6ZCMoYkcBWPyWdmztXiAHb1gmvfiHp5G68N36kznvfoU5xYo"
"8iJVdgSEGP5hatu9uYcBy9gAiEdynnGxKfNe5dBPR3Wd","48328
","4eUsVdYdS7UrQs1A7RmmxRQ9ZvyMpweKXb1sy8vwaMyNRY9mg1HKAzWaLosTXdKg8ebM1aPbJ3Y9Ce1thuEnCGFU"
"62dFPnb2m6NZHbcbBdqEAVVESLDCQnJGT7vZbXKhwQ5L","42489
","3R9Nn5NgL4CjcLGdGHQZJQR4YWcXQuF5HzG4aEyHExQLJYgujoWBqPwHFnWm5Y7uFTDfmawvwbxG9srQdJisbALn"
"rWpFVVhFgrb3wCvn6DVc279iKMWmsAoQYmN8wqno7WJ","42069
","4tMKfGn8VBsdDz83Ztr7p2mL8nATLZpghv3FrJcmhWpxhhzH5xzbdWh9FmK5RPjsTfSDXo64nRY3Rv62ZrNECw7e"
"7TR16MVFNcHCzhZn8xJuPAiBmN1eMMBA7JAqCyojgdHL","42069
","5ZH9Bm7XgjRQCGKBafojCyBkmdF9TwLsc58gU5L3qtSSegAVdMYaU5mWTMQNaphPGzsZ7sMm6tFg3KJ3HvACVApf"
"6CJjohPmGr8tieL9kYgs1s7678kCTLpQF5r1XCGbmNLY","42069
","66XQEMYD7mof6wEnnnMfvZLxy6Xbv9i7Tv31hXyANEvu1qzfSTPSRLpvENqgyGxRYqY9vbpwguGyn6KrpRKv5xtB"
"37RctDqMxWoSGhSB3VT4m6vQ3JJwp2AaveEnB9huSL5c","42069
","5RAK2umF7PAruh8iZgP6janV6zxhwCvjX2nYYdWb51XM6DpWDbCTzmUu7NivyD5WDMS882DNr521Agkq6Brwg2kN"
"2fwQsub3hcnrLEEt8nFhAm2u3nSCTsM8M62nU9mK51qP","42069
","2MHX2Pg8J1E476ek8RXgWt429Dqo8xGaYr6Ev47TDu4UZz8JomJy5hicHAteDvcAaL6cusyQ2XK3WLBrGQFXtzd9"
"GziRykmBrWTSU2KtXTMhU9M4tu2FeQWCKdzjyCKJooDX","21536.037917
","5QXnmj1bCJe8yhecv3XVEijZd7htUs6QzB35KixxkGNtJshvMdSqeUEyxjQoRbPcffwrpiMvbrud5KnZantjRczv"
"35WqVEL63nfXr7wEwmFKvuQpENtiYUobdeKT1rqNmxxy","13337
","uPvGBjzkcxbNzQJSASHxLkiNUrk6pdLonHnN7yhdJk9BxS7cKMEy1za5jGZB1wN2z1tTUSRvJiABtU85HguSMxv"
"99z6qFMbVueZZ2MCTkyacksxpks6RYGUzY3prUU3a9mM","11525
","4z1yXrypsbsbL4kbU585KWiNKaSYVsqid1Nw5m9BD8bVdB4ZMrSQvGRZRQn79EfQg3Kh4VCsnWBJFBMEr76aSXWf"
"DS4WoBrBDw1Dbvaxt3n7yjkiJaWFbGuM3LVyxT5Svgr4","9200
","5ZuoJsmNkA7srZixaLrUjj7MEnVkDPjYyRbf6NtWihoYz65CqVgfo27vnpBv3BCq86os2Tq2cFa4HdLUqhvaUk85"
"6UdHWxdpC9zVV5XVvNerya7Dio3mnscgz1Np9t1Yxmuc","6969
","2FgHUyCtZ5H5vqKQjFy4AMA59eufDhoF4kNky5LHxUe4VKPLNddsSnNSuCDQGuz1vtQ7MdHzPBf25B37zNoUQk6L"
"3ECoXuJMzU3C8MFaFo9Uf8n2kEu549aXfvo8Sfb69Upz","6201
","454JJ1iTPzUFFhmYHPpyJxzJihDXioxgwRZYVJ5VVgYD8PR1ESXhJa4wvDNUhWTyWjR4XqFU89vGAuNYYJE6ufnh"
"8M678M56GSawtevfDNDNDr1bYXSu68NVRK8GHwkPg99H","2100
","3ekqeCVBDL8g3PjRzwrDk3HAyMpqJSWZsebXYfVvnHC1CHBmniwxFwit8Uchy1YJqLYk8C5qhku7xv7kx8QAz9fr"
"27ZtTR5Uw2w3AFzKuY1QUpqGFeHAMegzvR48oK8UpWFT","2000
","zeaEc5BN8qUnCojUUkRYEoiGDaHUm2NRjXvx3bvdHZZ15UHi74hsjzQ5W7ejd5PwmcDCbgEpstSQF4NDkWTFg4t"
"DV14FBBsdP9i8fmjpShz6eGSXvaDSDmJJYTWQhMzjCk8","1420
","2vEtC89Src7kpY7ebrYGAYo6NdJLme7c88fKtcAfCxNKkz4dPNdHeMQLYqA4xJwGosQcypEWQ2iP5yWpgUxK47TF"
"HDjBpFASc8hCkJahjJEDu2KVQaJuVUFqQVs5J4aTunfu","1337
","59f9J3UcDzqCdn2tBEHjPBSWuaEPcEs5TFi3SmiBzDD7ZNeswo7uXpAtrkx2egwY8mmUDqy6jeYZQip2JHkHvgXH"
"6aES4XubVqRDjWPC7UDBBKbbczFJ5LEpLWCWSPocCqnU","840.69
","rpmK8upD5253pE2qE22WTtmgc94fxpjM2FmzVzpBtWCwmrLq3f261SRjcib93UHBfCcpv2YyKmageJCjamQaPet"
"ARCAa7C7VH3tmLoPmTZsDvypSub3WJP8UwAPvRe2qPY1","840
","UNsfZWxhGqWtibYVBr7FnFLQRU4QRQEwADSwpvBkHs4d7WeLiPbDvz7UX4QyBQaenPqnLahe31NznLE3WpjoiX9"
"Bkqe1N9RaL724ckmBHwcLMGw2HN2D9JEJkR6bbZCAKLm","420
","5sWrRqPJWr6GUEtWAKrvkA1RimV6XwtAi9B442W2FyDEmgzWocbNckqLpfur15Wi17xoe1VvA8xUmQWsU9Qg3NZt"
"3rU4r92qr82YVq2B33xD8dmKXuGrN1wBc27Cx6nbKXAo","420
","5GajrKaLJWxnG2jif64NTwXpMgKqiw7SiRtHFZj2VovHb7AGb4dA53VQpeCDNCX89CtkUdc4JCfYq5JNEdpPyk5K"
